ShotSN,MoldClampedTime,MoldReleasedTime,MOID,ProdID,Sensor2_MaxPressure,Sensor2_SumStage1Pressure,Sensor2_MaxPressureTime,Sensor2_AvgStage1PressureSlope,Sensor2_AvgStage2PressureSlope,Sensor2_MoldReleasePressure,Sensor3_MaxPressure,Sensor3_SumStage1Pressure,Sensor3_MaxPressureTime,Sensor3_AvgStage1PressureSlope,Sensor3_AvgStage2PressureSlope,Sensor3_MoldReleasePressure,Sensor4_MaxPressure,Sensor4_SumStage1Pressure,Sensor4_MaxPressureTime,Sensor4_AvgStage1PressureSlope,Sensor4_AvgStage2PressureSlope,Sensor4_MoldReleasePressure,Sensor5_StartTemperature,Sensor5_MaxTemperature,Sensor5_AvgStage2TemperatureSlope,Sensor5_MoldReleaseTemperature,Sensor1_Stage1StartTime,Sensor1_Stage1EndTime,Sensor1_Stage1Period,Sensor1_AvgStage1PressureSlope,Sensor1_SumStage1Pressure,Sensor1_Stage1EndPressure,Sensor1_Stage2StartTime,Sensor1_Stage2EndTime,Sensor1_Stage2Period,Sensor1_AvgStage2PressureSlope,Sensor1_SumStage2Pressure,Sensor1_Stage3StartTime,Sensor1_Stage3EndTime,Sensor1_Stage3Period,Sensor1_MaxStage3Pressure,Sensor1_MaxStage3PressureTime,Sensor1_SumStage3Pressure,Sensor1_CycleTime,Sensor1_SumPressure,Soft_MoldClampedCycleTime,Soft_MoldBasedCycleTime,Soft_MoldShotInterval,Soft_MoldCompleteCycleTime,Soft_DiffMaxPressure,Soft_DiffIncreasePressureTime,Soft_DiffMoldReleasePressure,OPCUA_CycleTime,OPCUA_MoldClampingTime,OPCUA_MoldReleasingTime,OPCUA_InjectionTime,OPCUA_VPChangeOverDelayTime,OPCUA_HoldingTime,OPCUA_PlastificationTime,OPCUA_VPChangeOverPosition,OPCUA_CusionVolume,OPCUA_EndHoldingPosition,OPCUA_EndPlastificationPosition,OPCUA_Nozzle1Temperature,OPCUA_Nozzle2Temperature,OPCUA_Nozzle3Temperature,OPCUA_Nozzle4Temperature,OPCUA_Nozzle5Temperature,OPCUA_IMMOilTemperature,OPCUA_FallMaterialTemperature,OPCUA_MaxInjectionPressure,OPCUA_VPChangeOverPressure,OPCUA_SumInjectionPressure,OPCUA_SumHoldingPressure,OPCUA_MaxCavityNearGatePressure,OPCUA_MaxCavityFarGatePressure,OPCUA_SumCavityPressure,OPCUA_SumMoldClampingForce,OPCUA_MaxMoldClampingForce,OPCUA_MaxBackPressure,OPCUA_DelayPlastificationTime,OPCUA_InMoldCoolingTemperature,OPCUA_OutMoldCoolingTemperature,OPCUA_MoldCoolingVolume,OPCUA_MoldReleasingPosition2,OPCUA_MoldReleasingPosition3,OPCUA_MoldReleasingPosition4,OPCUA_MoldReleasingPosition5,OPCUA_ScrewSuckBackPosition,OPCUA_ScrewRPM,OPCUA_PartWeight,OPCUA_GateClosingTime,OPCUA_MeltTemperature,OPCUA_MoldTemperature,StartShotSN,EndShotSN,GroupSN,Type
模次,關模完成時間,開模完成時間,製令編號,產品編號,感測器二最大壓力,感測器二第一階段壓力積分值,感測器二最大壓力時間,感測器二第一階段平均斜率,感測器二第二階段平均斜率,感測器二模具開模壓力,感測器三最大壓力,感測器三第一階段壓力積分值,感測器三最大壓力時間,感測器三第一階段平均斜率,感測器三第二階段平均斜率,感測器三模具開模壓力,感測器四最大壓力,感測器四第一階段壓力積分值,感測器四最大壓力時間,感測器四第一階段平均斜率,感測器四第二階段平均斜率,感測器四模具開模壓力,感測器五開始溫度,感測器五最大溫度,感測器五第二段平均溫度斜率,感測器五模具開模溫度,感測器一第一階段起始時間,感測器一第一階段結束時間,感測器一第一階段累積時間,感測器一第一階段平均斜率,感測器一第一階段壓力積分值,感測器一第一階段結束壓力,感測器一第二階段起始時間,感測器一第二階段結束時間,感測器一第二階段累積時間,感測器一第二階段平均斜率,感測器一第二階段壓力積分值,感測器一第三階段起始時間,感測器一第三階段結束時間,感測器一第三階段累積時間,感測器一第三階段壓力最大值,感測器一第三階段壓力最大值時間,感測器一第三階段壓力積分值,感測器一週期時間,感測器一壓力積分值,虛擬感測器模具閉鎖週期時間,虛擬感測器模具作動週期時間,虛擬感測器模次間隔時間,虛擬感測器完全週期時間,虛擬感測器近遠澆最大壓力差值,虛擬感測器近遠澆壓力觸發時間差值,虛擬感測器近遠澆開模瞬間壓力差值,OPCUA週期時間,OPCUA關模時間,OPCUA開模時間,OPCUA射出時間,OPCUA_VPChangeOverDelayTime,OPCUA保壓時間,OPCUA加料時間,OPCUAVP切換位置,OPCUA殘料量,OPCUA保壓完位置,OPCUA加料完位置,OPCUA第一段料溫,OPCUA第二段料溫,OPCUA第三段料溫,OPCUA第四段料溫,OPCUA第五段料溫,OPCUA射出機油溫,OPCUA_FallMaterialTemperature,OPCUA射出壓力峰值,OPCUA射出壓力峰值,OPCUA_SumInjectionPressure,OPCUA_SumHoldingPressure,OPCUA_MaxCavityNearGatePressure,OPCUA_MaxCavityFarGatePressure,OPCUA模穴壓力積分值,OPCUA大柱鎖模力(總和),OPCUA_MaxMoldClampingForce,OPCUA背壓壓力,OPCUA延遲加料時間,OPCUA_InMoldCoolingTemperature,OPCUA_OutMoldCoolingTemperature,OPCUA_MoldCoolingVolume,OPCUA第二段開模位置,OPCUA第三段開模位置,OPCUA第四段開模位置,OPCUA第五段開模位置,OPCUA拉鬆退位置,OPCUA螺桿轉速,OPCUA_PartWeight,OPCUA_GateClosingTime,OPCUA_MeltTemperature,OPCUA_MoldTemperature,StartShotSN,EndShotSN,GroupSN,Type
2254,10:29.6,12:54.0,t11,#2-4英吋OY,0.05,0.066954,30.226254,0.001323,-0.000456,0,0.14,0,0.000345,0,-0.000858,0.02,0.1,1.218391,34.640692,0.002887,-0.00095,0,0.14,1.93,-0.010172,0.67,4.920607,27.99354,23.072933,0.037273,495.32,1.41,27.99354,50.007882,22.014342,-0.05133,274.74,49.957207,65.47114,15.513933,0.29,49.957207,79.62,139.891092,1205.09,139.959308,149.358556,17.110219,166.468775,-0.09,30.225909,-0.02,,,,,,,,,,,,,,,,,,,,,,,,,,,,,,,,,,,,,,,,,,,2254,2254,2254,1
2255,13:16.0,15:40.4,t11,#2-4英吋OY,0.11,1.101516,27.546706,0.003993,-0.000979,0,0.03,0.49645,44.776663,0.000447,-0.000105,0.02,0.03,0,0.000369,0,-0.000214,0,0.52,2.02,-0.010048,0.77,5.429687,27.496024,22.066337,0.038973,473.77,1.41,27.496024,50.048128,22.552104,-0.050106,269.82,49.997431,65.512633,15.515202,0.28,49.997431,79.42,139.879328,1182.87,139.949203,149.293589,17.113158,166.406747,0.08,-17.229957,-0.02,,,,,,,,,,,,,,,,,,,,,,,,,,,,,,,,,,,,,,,,,,,2255,2255,2255,1
2256,16:02.5,18:26.4,t11,#2-4英吋OY,0.05,0.544567,57.047626,0.000701,-0.000603,0,0.03,0.332434,30.836741,0.000324,-9.20E-05,0.02,0.19,3.990315,29.822788,0.006371,-0.001453,0.03,0.32,2.02,-0.010208,0.75,4.916987,27.495589,22.578602,0.038089,481.51,1.41,27.495589,50.018569,22.52298,-0.050171,273.49,49.9679,65.536865,15.568965,0.29,49.9679,78.73,139.902714,1190.77,139.974908,148.881964,17.084984,165.966948,0.02,26.210885,-0.02,,,,,,,,,,,,,,,,,,,,,,,,,,,,,,,,,,,,,,,,,,,2256,2256,2256,1
2257,18:48.8,21:13.2,t11,#2-4英吋OY,0.14,2.031487,35.601051,0.003933,-0.000959,0.04,0.02,0.603321,60.307064,0.000166,-0.000126,0.01,0.13,0,0.000366,0,-0.000858,0.01,0.29,1.99,-0.009805,0.77,4.919575,27.48539,22.565815,0.038111,481.22,1.41,27.48539,50.009798,22.524408,-0.050612,265.49,49.959041,65.48299,15.523949,0.27,49.959041,76.24,139.896851,1179,139.963976,149.259448,17.544382,166.80383,0.12,-24.706013,0.03,,,,,,,,,,,,,,,,,,,,,,,,,,,,,,,,,,,,,,,,,,,2257,2257,2257,1
2258,21:35.1,23:59.5,t11,#2-4英吋OY,0.06,0,0.00042,0,-0.000429,0,0.18,4.528611,32.960578,0.005158,-0.000935,0.08,0.03,0,0.00042,0,-0.000214,0,0.44,2.01,-0.009886,0.78,5.425838,26.424215,20.998377,0.044765,446.04,1.49,26.424215,50.049486,23.625271,-0.05164,295.05,49.998788,65.519411,15.520623,0.27,49.998788,75.81,139.889044,1178.78,139.957194,149.261202,17.025738,166.28694,-0.12,-32.960158,-0.08,,,,,,,,,,,,,,,,,,,,,,,,,,,,,,,,,,,,,,,,,,,2258,2258,2258,1
2259,24:21.9,26:45.8,t11,#2-4英吋OY,0.04,0.177317,32.364827,0.001236,-0.000374,0,0.02,0.190694,19.044432,0.000525,-8.30E-05,0.01,0.09,1.199629,29.838318,0.003016,-0.000548,0.03,0.5,2.03,-0.010126,0.77,4.916654,26.391693,21.475039,0.040046,458.5,1.41,26.391693,50.029978,23.638285,-0.048227,283.01,49.97928,65.479507,15.500227,0.28,49.97928,75.02,139.365474,1172.4,139.43524,148.768948,17.545261,166.314209,0.02,13.320395,-0.01,,,,,,,,,,,,,,,,,,,,,,,,,,,,,,,,,,,,,,,,,,,2259,2259,2259,1
2260,27:08.0,29:31.9,t11,#2-4英吋OY,0.06,0.172503,29.67466,0.002022,-0.000544,0,0.09,1.062251,29.218041,0.002396,-0.000542,0.03,0.08,0.449864,11.063056,0.00452,-0.000233,0.05,0.2,1.96,-0.010047,0.71,4.92274,26.936269,22.013529,0.039067,471.87,1.41,26.936269,50.021517,23.085248,-0.049382,267.36,49.970767,65.499487,15.52872,0.27,49.970767,72.98,139.883754,1169.18,139.950576,148.777883,17.326646,166.104529,-0.03,0.456619,-0.03,,,,,,,,,,,,,,,,,,,,,,,,,,,,,,,,,,,,,,,,,,,2260,2260,2260,1
2261,29:54.3,32:18.1,t11,#2-4英吋OY,0.09,0.708626,35.611951,0.002246,-0.000767,0.01,0.03,0.330298,23.845576,0.000839,-0.000172,0.01,0.11,1.540771,30.386012,0.002962,-0.001004,0,0.45,1.96,-0.009564,0.77,4.922207,26.432516,21.510309,0.039981,456.93,1.41,26.432516,50.012364,23.579848,-0.04877,278.02,49.961665,65.482917,15.521252,0.27,49.961665,71.94,139.897205,1163.89,139.970761,148.679873,17.553369,166.233242,0.06,11.766375,0,,,,,,,,,,,,,,,,,,,,,,,,,,,,,,,,,,,,,,,,,,,2261,2261,2261,1
2262,32:40.7,35:04.4,t11,#2-4英吋OY,0.09,0.610905,25.949792,0.003083,-0.00079,0,0.02,0.308405,30.815505,0.000325,-9.20E-05,0.01,0.01,0.000253,4.610714,0.002169,-7.40E-05,0,0.47,1.98,-0.009685,0.77,5.978905,26.40598,20.427075,0.042101,444.29,1.41,26.40598,50.026163,23.620183,-0.048687,268.51,49.975464,65.50793,15.532466,0.27,49.975464,73.34,139.885397,1155.35,139.977948,148.595079,17.666643,166.261722,0.07,-4.865713,-0.01,,,,,,,,,,,,,,,,,,,,,,,,,,,,,,,,,,,,,,,,,,,2262,2262,2262,1
2263,35:26.9,37:50.7,t11,#2-4英吋OY,0.02,0,0.000339,0,-0.000143,0,0.09,1.63678,28.152329,0.001776,-0.000358,0.05,0.11,0.748684,28.761125,0.003825,-0.00099,0,0.55,1.95,-0.009324,0.79,5.473467,26.427087,20.95362,0.04152,447.81,1.41,26.427087,50.018311,23.591224,-0.048747,267.96,49.967568,59.605498,9.63793,0.27,49.967568,48.5,139.87086,1150.78,139.936876,148.713004,17.613022,166.326026,-0.07,-28.15199,-0.05,,,,,,,,,,,,,,,,,,,,,,,,,,,,,,,,,,,,,,,,,,,2263,2263,2263,1
2264,38:13.3,40:37.1,t11,#2-4英吋OY,0.15,2.474868,28.605425,0.005244,-0.001078,0.03,0.05,0,0.000363,0,-0.000286,0.01,0.04,0.328566,33.064352,0.00121,-0.000374,0,0.53,1.96,-0.009483,0.78,4.9197,26.423967,21.504267,0.040457,452.93,1.41,26.423967,50.005296,23.581329,-0.048343,268.67,49.954541,61.219311,11.26477,0.27,49.954541,56.6,139.894617,1150.01,139.964903,148.741157,17.66879,166.409947,0.1,28.605062,0.02,,,,,,,,,,,,,,,,,,,,,,,,,,,,,,,,,,,,,,,,,,,2264,2264,2264,1
2265,40:59.7,43:24.2,t11,#2-4英吋OY,0.07,0.650817,28.070736,0.002494,-0.000626,0,0.05,0.320229,28.678855,0.001395,-0.00036,0.01,0.01,0.000254,29.844476,0.000335,-9.10E-05,0,0.41,1.94,-0.009567,0.75,5.422214,26.398787,20.976573,0.041475,449.11,1.41,26.398787,50.025473,23.626686,-0.048674,263.94,49.97479,65.500428,15.525638,0.26,49.97479,71.28,139.89621,1146.01,139.97308,149.350805,17.724662,167.075467,0.02,-0.608119,-0.01,,,,,,,,,,,,,,,,,,,,,,,,,,,,,,,,,,,,,,,,,,,2265,2265,2265,1
2266,43:45.7,46:09.7,t11,#2-4英吋OY,0.12,0.914794,34.51225,0.003477,-0.001139,0,0.02,0,0.000372,0,-7.10E-05,0.01,0.06,0.354746,28.734451,0.002088,-0.00045,0.01,0.11,1.99,-0.010694,0.66,5.472932,26.960523,21.487591,0.040488,460.36,1.41,26.960523,50.020187,23.059664,-0.049437,264.37,49.969512,65.476949,15.507437,0.27,49.969512,75.34,139.873839,1162.46,139.96807,148.888935,16.631724,165.520659,0.1,34.511878,-0.01,,,,,,,,,,,,,,,,,,,,,,,,,,,,,,,,,,,,,,,,,,,2266,2266,2266,1
2267,46:31.8,48:55.9,t11,#2-4英吋OY,0.05,0,0.000378,0,-0.000357,0,0.24,6.084077,31.916482,0.007206,-0.001575,0.07,0.02,0,0.000378,0,-0.000143,0,0.04,2,-0.010129,0.74,5.430179,26.943177,21.512998,0.040441,458.2,1.41,26.943177,50.027586,23.084409,-0.048951,274.08,49.976851,66.05306,16.076209,0.28,49.976851,79.44,139.872293,1171.51,139.942163,148.485133,17.728142,166.213275,-0.19,-31.916104,-0.07,,,,,,,,,,,,,,,,,,,,,,,,,,,,,,,,,,,,,,,,,,,2267,2267,2267,1
2268,49:18.5,51:42.4,t11,#2-4英吋OY,0.05,0.188867,31.842191,0.00157,-0.000463,0,0.19,0,0.000355,0,-0.001144,0.03,0.05,0.174086,29.315904,0.001706,-0.000452,0,0.67,2.01,-0.009483,0.83,4.909981,26.94092,22.030939,0.03949,468.62,1.41,26.94092,50.007897,23.066977,-0.049421,273.84,49.957374,65.532477,15.575103,0.27,49.957374,75.34,139.90891,1174.18,139.974873,148.246095,18.192699,166.438794,-0.14,31.841836,-0.03,,,,,,,,,,,,,,,,,,,,,,,,,,,,,,,,,,,,,,,,,,,2268,2268,2268,1
2269,52:05.1,54:29.0,t11,#2-4英吋OY,0.1,0.756444,27.542899,0.003268,-0.00089,0,0.03,0.464144,45.298464,0.000442,-0.000211,0.01,0.13,6.051656,68.430725,0.001461,-0.00112,0.05,0.23,1.96,-0.009967,0.72,4.921124,26.933898,22.012774,0.039068,473.03,1.41,26.933898,50.016443,23.082545,-0.048522,276.24,49.965692,65.490125,15.524433,0.29,49.965692,78.91,139.885452,1185.14,139.958622,148.745349,17.839146,166.584495,0.07,-17.755565,-0.01,,,,,,,,,,,,,,,,,,,,,,,,,,,,,,,,,,,,,,,,,,,2269,2269,2269,1
2270,54:51.0,57:15.4,t11,#2-4英吋OY,0.05,0.957276,80.634351,0.000124,-0.000844,0,0.04,0.400354,31.896809,0.000941,-0.000185,0.02,0.2,4.219018,29.311387,0.006823,-0.001085,0.08,0.38,1.94,-0.009608,0.75,5.423865,27.486413,22.062548,0.03898,476.34,1.41,27.486413,50.045437,22.559024,-0.050091,274.61,49.994735,65.469388,15.474653,0.28,49.994735,77.36,139.87608,1190.25,139.949836,149.329342,17.152414,166.481756,0.01,48.737542,-0.02,,,,,,,,,,,,,,,,,,,,,,,,,,,,,,,,,,,,,,,,,,,2270,2270,2270,1
2271,57:37.3,00:01.7,t11,#2-4英吋OY,0.09,0.359643,31.84476,0.002826,-0.000833,0,0.02,0,0.000378,0,-7.10E-05,0.01,0.14,0,0.000378,0,-0.000929,0.01,0.19,1.99,-0.010289,0.71,4.918825,27.485093,22.566268,0.03811,481.19,1.41,27.485093,50.009387,22.524294,-0.050168,268.05,49.958648,66.042785,16.084137,0.28,49.958648,79.76,139.862213,1184.8,139.926573,149.316134,16.954616,166.27075,0.07,31.844382,-0.01,,,,,,,,,,,,,,,,,,,,,,,,,,,,,,,,,,,,,,,,,,,2271,2271,2271,1
2272,00:23.7,02:47.5,t11,#2-4英吋OY,0.08,2.619174,68.848468,0.001162,-0.001126,0,0.1,2.252276,34.595648,0.002312,-0.000855,0.01,0.03,0.011926,31.449216,0.000954,-0.000277,0,0.57,1.98,-0.009567,0.79,5.428652,26.932495,21.503843,0.039993,465.25,1.41,26.932495,50.020693,23.088198,-0.048943,276.92,49.969979,65.499208,15.529229,0.28,49.969979,77.53,139.864758,1182.11,139.931726,148.730218,17.104661,165.834879,-0.02,34.25282,-0.01,,,,,,,,,,,,,,,,,,,,,,,,,,,,,,,,,,,,,,,,,,,2272,2272,2272,1
2273,03:10.0,05:33.9,t11,#2-4英吋OY,0.1,0.776237,34.548918,0.002894,-0.00095,0,0.08,0,0.000366,0,-0.000429,0.02,0.05,0.13473,30.895042,0.001618,-0.000459,0,0.47,2.01,-0.009968,0.77,5.474002,26.936871,21.462869,0.040069,461.82,1.41,26.936871,50.020442,23.083571,-0.049386,273.03,49.969734,65.49132,15.521586,0.27,49.969734,74.59,139.864773,1172.99,139.934098,148.760057,17.618387,166.378444,0.02,34.548552,-0.02,,,,,,,,,,,,,,,,,,,,,,,,,,,,,,,,,,,,,,,,,,,2273,2273,2273,1
2274,05:56.4,08:20.3,t11,#2-4英吋OY,0.09,1.184168,37.726117,0.002386,-0.000783,0.01,0.08,0.587352,29.212697,0.002396,-0.000542,0.02,0.02,0.006079,31.442368,0.000636,-0.000184,0,0.55,2.01,-0.009807,0.79,5.43017,26.932047,21.501877,0.039531,463.2,1.41,26.932047,50.041536,23.109489,-0.048898,276.49,49.990838,65.510789,15.519951,0.28,49.990838,75.93,139.877737,1177.69,139.950696,148.738806,17.634642,166.373448,0.01,8.51342,-0.01,,,,,,,,,,,,,,,,,,,,,,,,,,,,,,,,,,,,,,,,,,,2274,2274,2274,1
2275,08:43.1,11:07.0,t11,#2-4英吋OY,0.07,0.706422,43.619573,0.000917,-0.000727,0,0.03,0.313933,29.2127,0.000685,-0.000181,0.01,0.09,1.288665,31.445583,0.001272,-0.00083,0,0.5,1.94,-0.009405,0.77,4.917047,26.929698,22.012651,0.039068,472.28,1.41,26.929698,50.011724,23.082026,-0.048956,273.6,49.961036,65.487505,15.526469,0.28,49.961036,77.01,139.866146,1179.34,139.935089,148.970767,17.69096,166.661727,0.04,14.406873,-0.01,,,,,,,,,,,,,,,,,,,,,,,,,,,,,,,,,,,,,,,,,,,2275,2275,2275,1
2276,11:29.5,13:53.4,t11,#2-4英吋OY,0.07,0.483225,38.789664,0.001805,-0.000692,0,0.06,0.800282,36.711765,0.001362,-0.000388,0.02,0.02,0.027394,21.250687,0.000941,-8.40E-05,0.01,0.56,1.97,-0.009564,0.78,4.919475,26.930605,22.01113,0.039071,471.77,1.41,26.930605,50.048197,23.117592,-0.048881,276.35,49.997455,65.470539,15.473084,0.28,49.997455,76,139.900632,1179.18,139.969457,148.777157,17.636757,166.413914,0.01,2.077899,-0.02,,,,,,,,,,,,,,,,,,,,,,,,,,,,,,,,,,,,,,,,,,,2276,2276,2276,1
2277,14:15.7,16:39.6,t11,#2-4英吋OY,0.05,0.193077,44.680074,0.001119,-0.000525,0,0.19,4.287077,30.274448,0.003964,-0.001277,0.05,0.12,0.713791,29.31125,0.004094,-0.000995,0.01,0.38,1.95,-0.009647,0.75,4.922558,26.92866,22.006102,0.03908,472.97,1.41,26.92866,50.008057,23.079397,-0.049395,268.07,49.957358,65.473225,15.515867,0.27,49.957358,74.9,139.867828,1171.68,139.936649,148.680188,17.527801,166.207989,-0.14,14.405626,-0.05,,,,,,,,,,,,,,,,,,,,,,,,,,,,,,,,,,,,,,,,,,,2277,2277,2277,1
2278,17:02.0,19:25.9,t11,#2-4英吋OY,0.21,5.802027,40.395254,0.005199,-0.001508,0.06,0.12,0.130149,3.501484,0.019993,-0.000513,0.05,0.03,0.105426,32.490639,0.000616,-0.000279,0,0.17,2,-0.010368,0.71,4.922475,26.916639,21.994164,0.039101,468.68,1.41,26.916639,50.02888,23.112241,-0.048892,276.95,49.978175,65.494663,15.516488,0.28,49.978175,76.78,139.886159,1178.27,139.952769,148.742306,17.54333,166.285636,0.09,36.89377,0.01,,,,,,,,,,,,,,,,,,,,,,,,,,,,,,,,,,,,,,,,,,,2278,2278,2278,1
2279,19:48.3,22:12.2,t11,#2-4英吋OY,0.09,0,0.000377,0,-0.000643,0,0.1,1.600983,32.430034,0.002775,-0.000837,0.01,0.02,0.011149,29.845847,0.00067,-0.000182,0,0.5,1.95,-0.009406,0.78,4.914804,26.399776,21.484972,0.040493,455.83,1.41,26.399776,50.021865,23.622089,-0.047837,283.01,49.97113,65.49505,15.52392,0.28,49.97113,75.64,139.898221,1171.14,139.968859,148.76687,17.571543,166.338413,-0.01,-32.429657,-0.01,,,,,,,,,,,,,,,,,,,,,,,,,,,,,,,,,,,,,,,,,,,2279,2279,2279,1
2280,22:34.6,24:58.5,t11,#2-4英吋OY,0.05,0.3233,50.079641,0.000998,-0.000557,0,0.06,0.13758,5.625059,0.008889,-0.000372,0.01,0.07,0.672686,29.288997,0.00239,-0.000633,0,0.3,1.97,-0.00989,0.74,5.473048,26.958045,21.484997,0.040028,464.67,1.41,26.958045,50.028903,23.070858,-0.049413,268.74,49.978147,57.996247,8.0181,0.27,49.978147,41.66,139.878692,1170.08,139.946279,148.717376,17.569582,166.286958,-0.01,44.454582,-0.01,,,,,,,,,,,,,,,,,,,,,,,,,,,,,,,,,,,,,,,,,,,2280,2280,2280,1
2281,25:21.0,,t11,#2-4英吋OY,,,,,,,,,,,,,,,,,,,,,,,,,,,,,,,,,,,,,,,,,,,,,,,,,,,,,,,,,,,,,,,,,,,,,,,,,,,,,,,,,,,,,,,,,,,2281,2281,2281,1
2282,33:40.2,36:04.0,t11,#2-4英吋OY,0.06,0,0.000337,0,-0.000431,0,0.06,0.880345,32.982609,0.001213,-0.00047,0.01,0.06,0.210684,29.843752,0.00201,-0.000548,0,0.5,1.96,-0.009528,0.78,4.916383,26.96056,22.044177,0.039013,475.26,1.41,26.96056,50.001202,23.040642,-0.049044,278.09,49.950679,65.502222,15.551543,0.28,49.950679,76.53,139.354024,1185.31,,,,,0,-32.982272,-0.01,,,,,,,,,,,,,,,,,,,,,,,,,,,,,,,,,,,,,,,,,,,2282,2282,2282,1
2283,36:25.8,38:50.8,t11,#2-4英吋OY,0.13,2.112538,42.570959,0.003054,-0.001336,0,0.04,0,0.000359,0,-0.000214,0.01,0.06,0.35895,30.890747,0.001942,-0.000459,0.01,0.46,1.95,-0.009525,0.77,5.469257,27.496793,22.027536,0.039042,475.44,1.41,27.496793,50.015567,22.518774,-0.05018,274.92,49.965032,66.05608,16.091048,0.28,49.965032,79.7,139.897485,1191.33,139.964379,149.388585,17.390778,166.779363,0.09,42.5706,-0.01,,,,,,,,,,,,,,,,,,,,,,,,,,,,,,,,,,,,,,,,,,,2283,2283,2283,1
2284,39:12.0,41:36.5,t11,#2-4英吋OY,0.07,0.640782,35.611304,0.001123,-0.000671,0,0.14,2.925705,32.465228,0.004004,-0.000745,0.06,0.02,0,0.000344,0,-0.000143,0,0.42,2,-0.009888,0.77,4.918968,27.492413,22.573445,0.038098,478.5,1.41,27.492413,50.023657,22.531244,-0.050596,264.58,49.972903,65.501178,15.528275,0.27,49.972903,74.87,139.861893,1173.73,139.931129,149.391616,16.288881,165.680497,-0.07,3.146076,-0.06,,,,,,,,,,,,,,,,,,,,,,,,,,,,,,,,,,,,,,,,,,,2284,2284,2284,1
2285,41:58.4,44:22.8,t11,#2-4英吋OY,0.07,0.303695,31.860744,0.002197,-0.000463,0.02,0.1,0,0.000371,0,-0.000643,0.01,0.02,0.069994,24.452098,0.000818,-0.000173,0,0.42,1.95,-0.009528,0.77,4.922443,27.496553,22.57411,0.038097,479.69,1.41,27.496553,50.027352,22.530799,-0.050154,276.25,49.976612,66.009752,16.03314,0.28,49.976612,80.14,139.870777,1190.87,139.93698,149.32358,17.023428,166.347008,-0.03,31.860373,0.01,,,,,,,,,,,,,,,,,,,,,,,,,,,,,,,,,,,,,,,,,,,2285,2285,2285,1
2286,44:44.8,47:09.0,t11,#2-4英吋OY,0.1,1.433611,33.431896,0.002991,-0.000846,0.01,0.08,0.605056,30.287636,0.002311,-0.000548,0.02,0.04,0.722925,65.224434,0.00046,-0.000402,0.01,0.55,2.02,-0.009968,0.78,4.919469,27.496706,22.577237,0.038534,484.67,1.41,27.496706,50.013965,22.517259,-0.050184,269.46,49.963271,52.59951,2.636239,0.28,49.963271,14.74,139.86576,1186.26,139.933952,149.111956,17.066239,166.178195,0.02,3.14426,-0.01,,,,,,,,,,,,,,,,,,,,,,,,,,,,,,,,,,,,,,,,,,,2286,2286,2286,1
2287,47:30.9,49:55.3,t11,#2-4英吋OY,0.05,0,0.000373,0,-0.000357,0,0.05,0,0.000373,0,-0.000286,0.01,0.21,5.112965,31.4599,0.006675,-0.001015,0.1,0.46,2.02,-0.010047,0.77,4.922438,26.943977,22.021539,0.039053,467.48,1.41,26.943977,50.021678,23.077701,-0.049398,278.05,49.970993,65.485798,15.514805,0.27,49.970993,74.87,139.884886,1174.97,139.954171,149.230386,16.996148,166.226534,0,0,-0.01,,,,,,,,,,,,,,,,,,,,,,,,,,,,,,,,,,,,,,,,,,,2287,2287,2287,1
2288,50:17.1,52:41.1,t11,#2-4英吋OY,0.1,0.572357,32.928706,0.003037,-0.000842,0.01,0.02,0.02461,2.436063,0.004106,-7.30E-05,0.01,0.11,0,0.000399,0,-0.000786,0,0.37,2,-0.01013,0.74,5.430201,27.499641,22.06944,0.038968,474.18,1.41,27.499641,50.030172,22.530531,-0.050154,267.65,49.979422,65.502433,15.523011,0.28,49.979422,77.63,139.861617,1182.83,139.925838,148.786011,17.036557,165.822568,0.08,30.492643,0,,,,,,,,,,,,,,,,,,,,,,,,,,,,,,,,,,,,,,,,,,,2288,2288,2288,1
2343,22:49.0,25:12.0,t11,#2-4英吋OY,1.58,16.134099,29.169454,0.049367,-0.014406,0,1.7,17.517634,29.220156,0.057838,-0.015325,0.02,1.67,20.074455,31.450332,0.0531,-0.015457,0.01,0.18,2.07,-0.01267,0.48,5.467353,17.84701,12.379657,0.111473,293.47,1.93,17.84701,63.976044,46.129034,-0.040322,1574.08,64.98989,65.496832,0.506942,0.23,65.040596,2.35,138.84669,2233.96,138.918739,148.838111,17.371032,166.209143,-0.12,-0.050702,-0.02,,,,,,,,,,,,,,,,,,,,,,,,,,,,,,,,,,,,,,,,,,,2343,2343,2343,1
2344,25:34.5,27:58.4,t11,#2-4英吋OY,1.63,18.074499,31.303038,0.052072,-0.01501,0,1.69,27.346744,36.205805,0.045849,-0.016202,0.01,1.71,22.55938,33.073146,0.051704,-0.016008,0,0.16,2.08,-0.011158,0.68,4.909578,18.887717,13.978139,0.09801,308.19,1.92,18.887717,64.470857,45.58314,-0.038391,1519.14,66.043407,69.797423,3.754016,0.25,66.094092,18.49,139.893451,2189.7,139.962093,148.706223,17.719818,166.426041,-0.06,-4.902767,-0.01,,,,,,,,,,,,,,,,,,,,,,,,,,,,,,,,,,,,,,,,,,,2344,2344,2344,1
2345,28:21.2,30:45.3,t11,#2-4英吋OY,1.62,17.964251,30.740291,0.052375,-0.014842,0,1.84,21.144355,30.283313,0.059439,-0.016696,0.01,1.65,23.971098,35.205762,0.046868,-0.015761,0,0.57,2.08,-0.011126,0.69,4.919984,18.920727,14.000743,0.097852,316.28,1.92,18.920727,64.465137,45.54441,-0.040181,1508.56,66.037461,67.101902,1.064441,0.25,66.088127,5.28,139.891402,2187.23,139.959698,149.0687,17.78546,166.85416,-0.22,0.456978,-0.01,,,,,,,,,,,,,,,,,,,,,,,,,,,,,,,,,,,,,,,,,,,2345,2345,2345,1
2346,31:07.6,33:31.4,t11,#2-4英吋OY,1.58,22.352663,33.990481,0.04619,-0.014921,0,1.67,11.127216,26.026243,0.063398,-0.01458,0.01,1.74,24.106294,33.584486,0.051512,-0.016275,0.01,0.1,2.07,-0.01481,0.22,5.425696,21.05332,15.627624,0.087025,392.2,1.91,21.05332,64.473288,43.419968,-0.042147,1426.32,66.046346,71.373995,5.327649,0.25,66.097092,26.32,139.884023,2185.57,139.959423,149.082477,17.022968,166.105445,-0.09,7.964238,-0.01,,,,,,,,,,,,,,,,,,,,,,,,,,,,,,,,,,,,,,,,,,,2346,2346,2346,1
2347,33:53.7,36:17.6,t11,#2-4英吋OY,1.65,18.125925,30.741195,0.053675,-0.015115,0,1.71,22.418773,32.973048,0.051558,-0.015898,0.01,1.66,28.652898,37.332167,0.044466,-0.016184,0,0.59,2.07,-0.010948,0.69,5.43042,18.919728,13.489308,0.100821,307.46,1.91,18.919728,64.485171,45.565443,-0.039723,1507.82,66.005517,70.870227,4.86471,0.25,66.056207,23.92,139.901125,2181.95,139.972382,148.847029,17.384093,166.231122,-0.06,-2.231853,-0.01,,,,,,,,,,,,,,,,,,,,,,,,,,,,,,,,,,,,,,,,,,,2347,2347,2347,1
2348,36:40.1,39:04.0,t11,#2-4英吋OY,1.57,30.209535,40.423749,0.038839,-0.015786,0,1.74,16.290974,28.71239,0.059557,-0.015382,0.03,1.9,29.424714,33.579454,0.052116,-0.017874,0,0.39,2.07,-0.011636,0.61,5.42645,18.365485,12.939035,0.1082,294.48,1.95,18.365485,64.456216,46.090731,-0.040789,1523.97,66.028345,66.586044,0.557699,0.24,66.079046,2.82,139.880191,2185.84,139.967316,148.735339,17.648635,166.383974,-0.17,11.711359,-0.03,,,,,,,,,,,,,,,,,,,,,,,,,,,,,,,,,,,,,,,,,,,2348,2348,2348,1
2349,39:26.4,41:50.2,t11,#2-4英吋OY,1.63,17.700046,30.782145,0.052953,-0.014939,0,1.7,29.959227,37.783808,0.043935,-0.016551,0.01,1.69,11.867975,26.620853,0.059353,-0.014831,0.01,0.36,2.07,-0.011685,0.61,5.422148,18.908553,13.486405,0.102325,298.07,1.92,18.908553,64.467248,45.558695,-0.034461,1499.12,64.416568,65.481135,1.064567,1.18,64.416568,5.63,139.894909,2165.91,139.967078,148.699979,17.556017,166.255996,-0.07,-7.001663,-0.01,,,,,,,,,,,,,,,,,,,,,,,,,,,,,,,,,,,,,,,,,,,2349,2349,2349,1
2350,42:13.2,44:37.1,t11,#2-4英吋OY,1.56,29.128009,38.806846,0.040199,-0.015434,0,1.72,17.699376,29.779559,0.057087,-0.015531,0.01,1.79,22.938081,32.516229,0.05505,-0.016486,0.02,0.3,2.08,-0.012648,0.5,5.987423,21.053332,15.065909,0.082969,395.19,1.91,21.053332,64.475859,43.422527,-0.042144,1418.03,66.049094,66.556445,0.507351,0.24,66.099847,2.57,139.882491,2188.52,139.948952,148.720545,18.099241,166.819786,-0.16,9.027287,-0.01,,,,,,,,,,,,,,,,,,,,,,,,,,,,,,,,,,,,,,,,,,,2350,2350,2350,1
2351,44:59.6,47:23.3,t11,#2-4英吋OY,1.65,20.414187,31.293607,0.049851,-0.014639,0.06,1.43,19.419905,35.654009,0.039828,-0.01362,0.01,1.44,9.306429,27.694568,0.051996,-0.012833,0,0.11,2.02,-0.013723,0.32,5.478226,20.490752,15.012526,0.073272,340.44,1.65,20.490752,64.462189,43.971437,-0.035023,1422.63,66.033017,75.154191,9.121174,0.25,66.083712,45.06,139.908619,2131.71,139.974548,148.612503,17.624339,166.236842,0.22,-4.360402,0.05,,,,,,,,,,,,,,,,,,,,,,,,,,,,,,,,,,,,,,,,,,,2351,2351,2351,1
2352,47:45.6,50:09.5,t11,#2-4英吋OY,1.32,9.343241,28.606094,0.037755,-0.011862,0,1.57,23.099361,35.683567,0.043718,-0.014203,0.09,1.45,15.043922,32.499128,0.044617,-0.013502,0,0.19,2.01,-0.012242,0.5,5.471451,20.496337,15.024886,0.075209,336.33,1.67,20.496337,65.007743,44.511406,-0.035946,1438.35,66.022518,88.551315,22.528797,0.25,66.073281,110.35,139.887733,2140.95,139.959845,148.816562,17.35231,166.168872,-0.25,-7.077473,-0.09,,,,,,,,,,,,,,,,,,,,,,,,,,,,,,,,,,,,,,,,,,,2352,2352,2352,1
2353,50:31.9,52:55.8,t11,#2-4英吋OY,1.35,22.942986,39.349304,0.034308,-0.013429,0,1.44,19.218375,35.648731,0.037589,-0.01372,0.01,1.47,15.349335,32.506344,0.045222,-0.013691,0,0.5,2.01,-0.011189,0.63,5.428658,20.494198,15.06554,0.076997,339.34,1.7,20.494198,64.992918,44.49872,-0.03663,1431.4,66.057231,67.121609,1.064378,0.25,66.107915,5.25,139.875601,2136.4,139.947728,148.703936,17.57786,166.281796,-0.09,3.700573,-0.01,,,,,,,,,,,,,,,,,,,,,,,,,,,,,,,,,,,,,,,,,,,2353,2353,2353,1
2354,53:18.7,55:42.6,t11,#2-4英吋OY,1.34,12.88514,31.302978,0.042808,-0.01234,0,1.6,15.300599,29.781123,0.050032,-0.014258,0.03,1.45,19.048273,35.713311,0.040602,-0.013726,0.02,0.44,2.01,-0.011061,0.64,5.430112,20.496724,15.066612,0.075,340.53,1.67,20.496724,64.451671,43.954947,-0.035946,1424.11,65.517424,66.024739,0.507315,0.22,65.568101,2.26,139.89177,2131.8,139.964067,148.732643,18.085714,166.818357,-0.26,1.521855,-0.03,,,,,,,,,,,,,,,,,,,,,,,,,,,,,,,,,,,,,,,,,,,2354,2354,2354,1
2355,56:05.0,58:28.9,t11,#2-4英吋OY,1.42,14.475478,31.857533,0.043946,-0.012865,0.03,1.42,9.432753,28.153611,0.050083,-0.012618,0.01,1.48,21.232316,36.271892,0.040803,-0.014185,0.01,0.57,2.01,-0.010862,0.67,4.918131,22.677027,17.758896,0.062504,417.98,1.65,22.677027,64.47538,41.798353,-0.037322,1351.66,65.489016,66.046735,0.557719,0.21,65.539665,2.37,139.901473,2131.25,139.973436,148.749972,17.609593,166.359565,0,3.703922,0.02,,,,,,,,,,,,,,,,,,,,,,,,,,,,,,,,,,,,,,,,,,,2355,2355,2355,1
2356,58:51.6,01:15.5,t11,#2-4英吋OY,1.41,17.007968,33.990279,0.041189,-0.013319,0,1.54,14.200667,31.355419,0.047839,-0.014101,0.01,1.41,14.798708,33.027382,0.042692,-0.013199,0,0.49,1.98,-0.010834,0.65,5.430313,21.056712,15.626399,0.071674,356.76,1.67,21.056712,64.476838,43.420126,-0.036389,1404.53,66.050119,83.20085,17.150731,0.25,66.100785,84.59,139.856775,2128.6,139.925662,148.758825,17.765948,166.524773,-0.13,2.63486,-0.01,,,,,,,,,,,,,,,,,,,,,,,,,,,,,,,,,,,,,,,,,,,2356,2356,2356,1
2357,01:37.8,04:02.7,t11,#2-4英吋OY,1.32,21.815029,40.428318,0.031414,-0.013272,0,1.48,19.57975,35.659228,0.039541,-0.013912,0.03,1.55,16.668477,32.514979,0.047671,-0.014064,0.04,0.49,1.98,-0.010913,0.64,5.42828,21.055433,15.627153,0.07039,352.69,1.65,21.055433,65.028131,43.972698,-0.035931,1419.18,66.041841,70.850795,4.808954,0.25,66.09248,23.73,139.88266,2137.87,139.94987,149.777509,17.50166,167.279169,-0.16,4.76909,-0.03,,,,,,,,,,,,,,,,,,,,,,,,,,,,,,,,,,,,,,,,,,,2357,2357,2357,1
2358,04:24.3,06:48.1,t11,#2-4英吋OY,1.47,13.84905,31.85567,0.046146,-0.013605,0,1.56,26.043467,39.41447,0.039072,-0.015424,0.01,1.47,6.108868,26.071128,0.056385,-0.012914,0,0.5,1.98,-0.01083,0.65,5.985108,22.113638,16.12853,0.078742,385.28,1.82,22.113638,64.475755,42.362117,-0.03895,1472.63,66.047517,80.503038,14.455521,0.25,66.098279,71.27,139.903852,2231.51,139.973233,148.70015,16.67011,165.37026,-0.09,-7.5588,-0.01,,,,,,,,,,,,,,,,,,,,,,,,,,,,,,,,,,,,,,,,,,,2358,2358,2358,1
2359,07:10.6,09:35.1,t11,#2-4英吋OY,1.54,27.582637,40.412757,0.038107,-0.015182,0.03,1.61,23.24295,36.715819,0.043578,-0.01551,0.01,1.61,25.284898,38.388413,0.04194,-0.015668,0.02,0.52,1.99,-0.010681,0.69,5.430053,22.120325,16.690272,0.075493,383.02,1.81,22.120325,64.99518,42.874855,-0.040583,1483.14,66.009057,70.310881,4.301824,0.25,66.059761,21.21,139.871492,2230.98,139.939177,149.401476,17.574744,166.97622,-0.07,3.696938,0.02,,,,,,,,,,,,,,,,,,,,,,,,,,,,,,,,,,,,,,,,,,,2359,2359,2359,1
2360,09:57.1,12:20.9,t11,#2-4英吋OY,1.77,37.256462,42.005965,0.042137,-0.018088,0,1.71,27.104422,38.353518,0.043803,-0.016452,0.04,1.65,21.436341,35.207971,0.046865,-0.015766,0,0.48,1.99,-0.010638,0.65,4.919123,21.608007,16.688884,0.083289,384.15,1.93,21.608007,64.476827,42.86882,-0.042688,1431.94,66.048478,97.652552,31.604074,0.25,66.099175,155.67,139.861114,2178.35,139.929745,148.742677,17.117687,165.860364,0.06,3.652447,-0.04,,,,,,,,,,,,,,,,,,,,,,,,,,,,,,,,,,,,,,,,,,,2360,2360,2360,1
2361,12:43.4,15:07.3,t11,#2-4英吋OY,1.41,35.328863,49.52033,0.027868,-0.015601,0,1.57,36.256621,46.376681,0.033207,-0.01668,0.01,1.61,27.153833,39.478475,0.040276,-0.015236,0.08,0.56,2,-0.010794,0.68,7.054103,32.830855,25.776752,0.049657,686.39,1.9,32.830855,64.484585,31.65373,-0.055286,1184.69,66.005208,67.120348,1.11514,0.25,66.055908,5.57,139.899748,2259.33,139.972454,148.696948,17.642571,166.339519,-0.16,3.143649,-0.01,,,,,,,,,,,,,,,,,,,,,,,,,,,,,,,,,,,,,,,,,,,2361,2361,2361,1
2362,15:29.7,17:53.5,t11,#2-4英吋OY,1.44,36.46146,50.065319,0.028763,-0.016034,0,1.51,34.587372,47.426518,0.031628,-0.016226,0.01,1.52,24.305979,40.018426,0.037983,-0.015222,0,0.57,1.98,-0.010282,0.69,6.494802,33.930598,27.435796,0.046654,727.09,1.9,33.930598,64.476423,30.545825,-0.055654,1143.16,66.049364,90.706991,24.657627,0.25,66.100108,121.13,139.871855,2250.9,139.940077,148.664912,17.605809,166.270721,-0.07,2.638801,-0.01,,,,,,,,,,,,,,,,,,,,,,,,,,,,,,,,,,,,,,,,,,,2362,2362,2362,1
2363,18:16.0,20:39.9,t11,#2-4英吋OY,1.27,12.617436,32.369355,0.039235,-0.01181,0,1.49,14.057204,29.783973,0.047341,-0.013439,0.01,1.27,12.795585,33.028149,0.038452,-0.011883,0,0.6,1.98,-0.010158,0.7,5.478154,19.433162,13.955008,0.074525,307.62,1.59,19.433162,64.474985,45.041823,-0.032636,1344.8,66.047979,78.37909,12.331111,0.25,66.098717,60.78,139.907309,2020.24,139.980328,148.707521,17.626748,166.334269,-0.22,2.585382,-0.01,,,,,,,,,,,,,,,,,,,,,,,,,,,,,,,,,,,,,,,,,,,2363,2363,2363,1
2364,21:02.0,23:26.4,t11,#2-4英吋OY,1.12,19.851985,40.932454,0.026874,-0.011317,0,1.21,8.127961,29.215162,0.036625,-0.010842,0.01,1.21,12.252058,33.01889,0.036646,-0.011321,0,0.59,1.98,-0.010586,0.68,4.921264,19.986016,15.064752,0.069699,319.9,1.59,19.986016,65.016498,45.030482,-0.033755,1237.99,66.030978,66.5883,0.557322,0.23,66.081545,2.58,139.897483,1917.57,139.969457,148.830045,17.667968,166.498013,-0.09,11.717292,-0.01,,,,,,,,,,,,,,,,,,,,,,,,,,,,,,,,,,,,,,,,,,,2364,2364,2364,1
2365,23:48.7,26:12.6,t11,#2-4英吋OY,1.59,15.410673,31.303914,0.049515,-0.014643,0,1.61,24.300002,37.799353,0.042329,-0.015672,0.01,1.63,22.989393,36.782097,0.044316,-0.015518,0.03,0.58,1.98,-0.010549,0.69,5.42926,21.056921,15.627661,0.086385,359.19,1.89,21.056921,64.480458,43.423537,-0.041682,1507.44,66.050768,67.111829,1.061061,0.25,66.101288,5.33,139.88905,2234.25,139.959666,148.785287,17.393923,166.17921,-0.02,-6.495439,-0.01,,,,,,,,,,,,,,,,,,,,,,,,,,,,,,,,,,,,,,,,,,,2365,2365,2365,1
2366,26:34.8,28:59.0,t11,#2-4英吋OY,1.55,24.843141,39.894389,0.038853,-0.0154,0.01,1.63,15.246031,31.887729,0.050804,-0.014999,0.01,1.81,27.477095,36.803209,0.049181,-0.017558,0,0.57,2,-0.010716,0.69,6.012616,23.171939,17.159323,0.073429,410.26,1.87,23.171939,64.471366,41.299427,-0.038015,1508.27,64.42069,65.484882,1.064192,1.85,64.42069,5.85,139.892047,2295.85,139.964519,147.898627,18.583685,166.482312,-0.08,8.00666,0,,,,,,,,,,,,,,,,,,,,,,,,,,,,,,,,,,,,,,,,,,,2366,2366,2366,1
2367,29:21.0,31:45.4,t11,#2-4英吋OY,1.61,18.878987,35.067095,0.045912,-0.015359,0,1.72,23.483008,36.739357,0.046817,-0.016092,0.06,1.59,9.187042,28.733296,0.050813,-0.014303,0,0.55,1.97,-0.010677,0.67,5.980663,23.716401,17.735738,0.071607,421.48,1.88,23.716401,65.01738,41.300979,-0.043583,1508.26,66.031139,78.904873,12.873734,0.25,66.081827,63.45,139.89456,2302.37,139.966489,149.116504,17.219857,166.336361,-0.11,-1.672262,-0.06,,,,,,,,,,,,,,,,,,,,,,,,,,,,,,,,,,,,,,,,,,,2367,2367,2367,1
2368,32:07.7,34:31.5,t11,#2-4英吋OY,1.53,28.797942,42.570042,0.035471,-0.015721,0,1.69,22.322947,36.184588,0.046153,-0.016199,0.01,1.7,20.87258,35.72849,0.047302,-0.01632,0,0.18,2,-0.012032,0.49,5.473027,23.209949,17.736922,0.068219,427.42,1.88,23.209949,64.475793,41.265844,-0.042166,1506.45,66.04702,67.669208,1.622188,0.25,66.09772,7.96,139.893529,2304.32,139.96844,148.726907,17.408892,166.135799,-0.16,6.385454,-0.01,,,,,,,,,,,,,,,,,,,,,,,,,,,,,,,,,,,,,,,,,,,2368,2368,2368,1
2369,34:54.0,37:18.4,t11,#2-4英吋OY,1.74,19.267511,32.392279,0.053717,-0.015911,0.03,1.6,29.178501,42.073297,0.037078,-0.016259,0.01,1.67,20.999364,35.737501,0.045891,-0.015846,0.02,0.12,1.99,-0.010442,0.68,5.988031,23.168797,17.180766,0.072756,403.47,1.86,23.168797,65.004797,41.836,-0.042547,1528.4,66.015309,80.528742,14.513433,0.25,66.065827,71.7,139.862229,2305.17,139.930084,149.272933,17.597772,166.870705,0.14,-9.681018,0.02,,,,,,,,,,,,,,,,,,,,,,,,,,,,,,,,,,,,,,,,,,,2369,2369,2369,1
2370,37:40.4,40:04.2,t11,#2-4英吋OY,1.52,11.625396,30.23908,0.045637,-0.013865,0,1.7,25.467518,37.797438,0.044712,-0.016361,0.03,1.62,17.700106,34.09306,0.047224,-0.015316,0,0.43,1.99,-0.011124,0.63,5.98564,23.1882,17.20256,0.073245,406.26,1.87,23.1882,65.026367,41.838167,-0.043023,1517.73,66.040447,70.303156,4.262709,0.25,66.091192,20.69,139.866947,2296.85,139.936412,148.798093,17.062461,165.860554,-0.18,-7.558358,-0.03,,,,,,,,,,,,,,,,,,,,,,,,,,,,,,,,,,,,,,,,,,,2370,2370,2370,1
2371,40:26.8,42:51.3,t11,#2-4英吋OY,1.58,23.799661,32.358578,0.048828,-0.014694,0,1.63,32.795438,36.722514,0.043026,-0.015703,0.01,1.75,21.086386,28.199206,0.062059,-0.014952,0.08,0.39,2,-0.010569,0.64,7.611599,17.296592,9.684993,0.130098,294.04,1.87,17.296592,65.01894,47.722348,-0.037509,1741.15,66.033571,78.917672,12.884101,0.25,66.084326,63.34,139.888101,2434.89,139.959159,149.365047,17.69585,167.060897,-0.05,-4.363936,-0.01,,,,,,,,,,,,,,,,,,,,,,,,,,,,,,,,,,,,,,,,,,,2371,2371,2371,1
2596,32:36.6,35:01.6,t11,#2-4英吋OY,0.06,0,0.000349,0,-0.000426,0,0.1,0,0.000349,0,-0.000639,0.01,0.08,0.99616,22.326941,0.003583,-0.000169,0.06,0.43,2,-0.009564,0.79,5.427661,12.988609,7.560948,0.133581,103.44,1.54,12.988609,50.028731,37.040122,-0.035637,502.34,49.97797,65.502663,15.524693,0.22,49.97797,61.97,140.92782,1033.35,140.996534,149.887152,17.142922,167.030074,-0.04,0,-0.01,,,,,,,,,,,,,,,,,,,,,,,,,,,,,,,,,,,,,,,,,,,2596,2596,2596,1
2597,35:24.4,37:49.2,t11,#2-4英吋OY,0.11,1.053662,24.849615,0.004024,-0.000952,0,0.08,1.139775,32.966452,0.002123,-0.000372,0.04,0.02,0.08673,52.893532,0.000378,-0.000228,0,0.52,1.99,-0.009484,0.79,5.476362,19.983557,14.507195,0.069621,306.86,1.54,19.983557,50.000926,30.017369,-0.044641,281.12,65.468527,66.026743,0.558216,0.21,65.519287,2.37,140.430212,1010.32,140.495513,149.823982,17.800518,167.6245,0.03,-8.116837,-0.04,,,,,,,,,,,,,,,,,,,,,,,,,,,,,,,,,,,,,,,,,,,2597,2597,2597,1
2598,38:11.5,40:36.4,t11,#2-4英吋OY,0.04,0,0.000372,0,-0.000284,0,0.07,0,0.000372,0,-0.000426,0.01,0.09,1.042459,22.87332,0.003935,-0.000677,0.01,0.58,1.97,-0.009324,0.79,4.921379,12.984862,8.063483,0.126496,109.98,1.54,12.984862,50.022839,37.037977,-0.035909,493.97,49.972154,65.474844,15.50269,0.21,49.972154,60.97,140.956443,1025.44,141.029095,149.822414,17.320936,167.14335,-0.03,0,-0.01,,,,,,,,,,,,,,,,,,,,,,,,,,,,,,,,,,,,,,,,,,,2598,2598,2598,1
2599,40:59.1,43:24.1,t11,#2-4英吋OY,0.07,0.089478,20.071205,0.003488,-0.000496,0.01,0.11,2.28989,35.646816,0.003086,-0.00095,0.01,0.07,0,0.000372,0,-0.000497,0,0.13,1.98,-0.010198,0.69,5.473691,13.024257,7.550566,0.133765,105.34,1.54,13.024257,50.00162,36.977363,-0.035698,498.02,49.950918,65.523504,15.572586,0.22,49.950918,61.87,140.940935,1031.67,141.008067,149.8886,17.79107,167.67967,-0.04,-15.575611,0,,,,,,,,,,,,,,,,,,,,,,,,,,,,,,,,,,,,,,,,,,,2599,2599,2599,1
2600,43:46.7,46:11.7,t11,#2-4英吋OY,0.05,0.27001,33.469464,0.001494,-0.000465,0,0.08,0,0.000397,0,-0.000497,0.01,0.07,0.483171,26.622263,0.002254,-0.00035,0.03,0.55,1.94,-0.009085,0.79,5.427398,19.982792,14.555394,0.06939,304.83,1.54,19.982792,50.002048,30.019256,-0.044305,297.35,49.951356,65.519214,15.567858,0.21,49.951356,59.79,140.97715,1027.23,141.04387,149.922184,17.68146,167.603644,-0.03,33.469067,-0.01,,,,,,,,,,,,,,,,,,,,,,,,,,,,,,,,,,,,,,,,,,,2600,2600,2600,1
2601,46:34.2,48:59.1,t11,#2-4英吋OY,0.12,1.13544,25.414627,0.004328,-0.00087,0.02,0.05,0.818135,49.048737,0.000816,-0.000438,0.01,0,0,0,0,0,0,0.2,1.97,-0.009803,0.73,5.429787,19.987956,14.558169,0.069377,307.65,1.54,19.987956,50.011671,30.023715,-0.044298,288.87,49.960973,64.978612,15.017639,0.21,49.960973,58.92,140.400179,1020.28,140.471149,149.825054,17.655842,167.480896,0.07,-23.63411,0.01,,,,,,,,,,,,,,,,,,,,,,,,,,,,,,,,,,,,,,,,,,,2601,2601,2601,1
2602,49:21.3,51:46.2,t11,#2-4英吋OY,0.09,1.435744,40.430143,0.002226,-0.000298,0.06,0.03,0,0.000356,0,-0.000142,0.01,0.19,3.004437,23.382534,0.008126,-0.001191,0.05,0.52,1.99,-0.009562,0.78,5.42604,12.984661,7.558621,0.133622,104.9,1.54,12.984661,50.020241,37.03558,-0.035911,497.72,49.969505,65.482753,15.513248,0.21,49.969505,60.54,140.946641,1028.98,141.016469,149.819713,17.197923,167.017636,0.06,40.429787,0.05,,,,,,,,,,,,,,,,,,,,,,,,,,,,,,,,,,,,,,,,,,,2602,2602,2602,1
2603,52:08.6,54:34.0,t11,#2-4英吋OY,0.08,0.192026,25.421947,0.001967,-0.000693,0,0.03,0.660751,54.434528,0.000551,-0.000231,0.01,0.06,0,0.000392,0,-0.000142,0.04,0.53,1.98,-0.009248,0.81,4.922592,12.990636,8.068044,0.125185,109.9,1.54,12.990636,50.021395,37.030759,-0.035646,499.8,49.970743,65.487787,15.517044,0.22,49.970743,61.55,140.928101,1029.49,140.999144,150.309313,17.55392,167.863233,0.05,-29.012581,-0.01,,,,,,,,,,,,,,,,,,,,,,,,,,,,,,,,,,,,,,,,,,,2603,2603,2603,1
2604,54:56.4,57:21.3,t11,#2-4英吋OY,0.06,0.092843,21.09816,0.002844,-0.000501,0,0.07,0.772611,17.952221,0.002785,-0.000325,0.03,0.1,0.341222,25.559833,0.003912,-0.000867,0,0.58,1.95,-0.009129,0.8,5.428846,12.476596,7.04775,0.144727,95.08,1.55,12.476596,50.008815,37.532219,-0.035703,503.48,49.958114,65.474402,15.516288,0.21,49.958114,59.21,140.932169,1023.7,141.007297,149.793818,17.52557,167.319388,-0.01,3.145939,-0.03,,,,,,,,,,,,,,,,,,,,,,,,,,,,,,,,,,,,,,,,,,,2604,2604,2604,1
2605,57:43.9,00:08.9,t11,#2-4英吋OY,0.15,1.604166,20.601412,0.007281,-0.001246,0,0.02,0.587237,58.698713,0.00017,-0.000122,0.01,0.04,0.075611,23.392352,0.00171,-0.00034,0,0.56,1.94,-0.009008,0.8,5.988488,12.483272,6.494784,0.155509,88.6,1.55,12.483272,50.02548,37.542208,-0.035693,506.17,49.974828,65.494068,15.51924,0.21,49.974828,59.42,140.968936,1025.45,141.032695,149.803899,17.734711,167.53861,0.13,-38.097301,-0.01,,,,,,,,,,,,,,,,,,,,,,,,,,,,,,,,,,,,,,,,,,,2605,2605,2605,1
2606,00:32.0,02:56.0,t11,#2-4英吋OY,0.04,0.092144,21.099124,0.001896,-0.000337,0,0.05,0.438109,22.261328,0.001797,-0.00017,0.03,0.01,0.000253,29.8579,0.000335,-9.10E-05,0,0.53,2.02,-0.009718,0.79,4.901432,11.935006,7.033574,0.142175,97.47,1.54,11.935006,50.02974,38.094734,-0.03465,505.68,49.979043,64.437091,14.458048,0.22,49.979043,57.35,139.917461,1020.08,139.982777,148.959951,18.194338,167.154289,-0.01,-1.162204,-0.03,,,,,,,,,,,,,,,,,,,,,,,,,,,,,,,,,,,,,,,,,,,2606,2606,2606,1
2607,03:18.6,05:43.5,t11,#2-4英吋OY,0.17,1.76217,24.854403,0.006035,-0.001033,0.05,0.01,0,0.000367,0,0,0.01,0.04,0.130367,22.317322,0.001792,-0.000253,0.01,0.11,1.94,-0.00992,0.69,4.922446,12.480365,7.557919,0.134958,100.48,1.55,12.480365,50.018215,37.53785,-0.035964,499.58,66.046653,68.685317,2.638664,0.25,66.097399,13.09,140.97337,1017.98,141.044524,149.934814,17.58044,167.515254,0.16,24.854036,0.04,,,,,,,,,,,,,,,,,,,,,,,,,,,,,,,,,,,,,,,,,,,2607,2607,2607,1
2608,06:06.1,08:31.0,t11,#2-4英吋OY,0.08,0.238663,23.257893,0.00344,-0.000683,0,0.1,0.869239,17.988255,0.001668,-0.000245,0.07,0.09,0.337201,24.474052,0.002043,-0.000431,0.04,0.1,2.01,-0.010592,0.67,4.915325,12.465111,7.549786,0.133779,103.27,1.54,12.465111,50.021172,37.556061,-0.035147,502.35,49.970466,64.931284,14.960818,0.22,49.970466,61.31,140.394392,1025.16,140.465973,149.907071,17.576918,167.483989,-0.02,5.269638,-0.07,,,,,,,,,,,,,,,,,,,,,,,,,,,,,,,,,,,,,,,,,,,2608,2608,2608,1
2609,08:53.1,11:18.0,t11,#2-4英吋OY,0.13,0.556007,20.036181,0.006488,-0.001075,0,0.06,0.060893,3.501697,0.011424,-7.30E-05,0.05,0.06,0,0.000376,0,-0.000426,0,0.2,1.98,-0.010038,0.71,4.922587,12.986666,8.064079,0.125247,112.19,1.54,12.986666,50.008315,37.021649,-0.035925,496.09,49.957562,65.483056,15.525494,0.21,49.957562,60.54,140.920769,1029.12,140.992257,149.764703,17.231395,166.996098,0.07,16.534484,-0.05,,,,,,,,,,,,,,,,,,,,,,,,,,,,,,,,,,,,,,,,,,,2609,2609,2609,1
2610,11:40.5,14:05.4,t11,#2-4英吋OY,0.06,0,0.000361,0,-0.000426,0,0.09,0.839799,23.837804,0.003356,-0.000512,0.03,0.05,0.166578,23.38151,0.002138,-0.00017,0.03,0.57,1.99,-0.009482,0.79,4.921324,12.989586,8.068262,0.126421,109.78,1.54,12.989586,50.014146,37.02456,-0.035922,493.73,49.963379,65.487128,15.523749,0.21,49.963379,58.6,140.970411,1023.27,141.03634,149.810073,17.6079,167.417973,-0.03,-23.837443,-0.03,,,,,,,,,,,,,,,,,,,,,,,,,,,,,,,,,,,,,,,,,,,2610,2610,2610,1
2611,14:28.0,16:52.9,t11,#2-4英吋OY,0.04,0.075604,25.92321,0.001543,-0.000348,0,0.05,0,0.000341,0,-0.000284,0.01,0.02,0.091822,20.696552,0.000966,-0.000166,0,0.59,1.94,-0.00905,0.8,4.917203,19.986593,15.06939,0.067687,309.5,1.54,19.986593,50.014504,30.027911,-0.044292,294.85,49.963755,65.489124,15.525369,0.21,49.963755,58.99,140.92793,1021.88,140.996265,149.765701,17.663941,167.429642,-0.01,25.922869,-0.01,,,,,,,,,,,,,,,,,,,,,,,,,,,,,,,,,,,,,,,,,,,2611,2611,2611,1
2612,17:15.5,19:40.4,t11,#2-4英吋OY,0.1,0.539913,23.799694,0.004202,-0.000686,0.02,0.18,4.276734,31.356156,0.001914,-0.000642,0.11,0,0,0,0,0,0,0.47,1.99,-0.00956,0.78,5.430283,19.993874,14.563591,0.069351,307.61,1.54,19.993874,50.024454,30.03058,-0.044288,284.75,49.973703,64.966023,14.99232,0.21,49.973703,57.96,140.420735,1015.77,140.489124,149.885523,17.662924,167.548447,-0.08,-7.556462,-0.09,,,,,,,,,,,,,,,,,,,,,,,,,,,,,,,,,,,,,,,,,,,2612,2612,2612,1
2613,20:02.8,22:27.7,t11,#2-4英吋OY,0.02,0.000507,27.548936,0.000726,-0.000177,0,0.03,0.23946,18.516546,0.00108,-0.000164,0.01,0.06,0.408853,25.519098,0.002351,-0.000435,0.01,0.13,2.02,-0.010512,0.69,4.92307,12.481189,7.558119,0.133631,102.35,1.54,12.481189,50.024578,37.543389,-0.035426,496,49.97382,64.937706,14.963886,0.21,49.97382,56.87,140.417158,1014.32,140.4859,150.322468,16.986894,167.309362,-0.01,9.03239,-0.01,,,,,,,,,,,,,,,,,,,,,,,,,,,,,,,,,,,,,,,,,,,2613,2613,2613,1
2614,22:50.2,25:15.3,t11,#2-4英吋OY,0.1,0.682471,24.864393,0.004022,-0.000861,0,0.14,4.003496,46.930192,0.002344,-0.000744,0.07,0.01,0.000254,7.307545,0.001369,-7.50E-05,0,0.45,1.94,-0.009166,0.78,5.429807,12.483208,7.053401,0.144611,93.37,1.55,12.483208,50.022052,37.538844,-0.035696,506.19,49.971361,65.479613,15.508252,0.21,49.971361,59.53,140.965789,1025.04,141.031764,149.972475,17.584101,167.556576,-0.04,-22.065799,-0.07,,,,,,,,,,,,,,,,,,,,,,,,,,,,,,,,,,,,,,,,,,,2614,2614,2614,1
2615,25:37.7,28:02.6,t11,#2-4英吋OY,0.08,1.289174,43.622982,0.001834,-0.000308,0.05,0.02,0.292362,29.211137,0.000342,-9.00E-05,0.01,0.1,1.116588,22.3101,0.003586,-0.000843,0,0.56,1.94,-0.009088,0.79,5.475522,12.472602,6.99708,0.145775,94.32,1.55,12.472602,50.016866,37.544264,-0.035958,501.09,66.047723,74.62031,8.572587,0.25,66.098477,42.32,140.939408,1018.33,141.010437,149.812626,17.532059,167.344685,0.06,14.411845,0.04,,,,,,,,,,,,,,,,,,,,,,,,,,,,,,,,,,,,,,,,,,,2615,2615,2615,1
2616,28:24.7,30:50.2,t11,#2-4英吋OY,0.05,0.202171,30.793808,0.000325,-0.000454,0,0.06,1.490267,59.80979,0.000836,-0.000616,0.01,0.04,0.109538,12.67849,0.001578,-7.80E-05,0.03,0.55,1.99,-0.009405,0.8,5.472884,13.033687,7.560803,0.133584,105.31,1.54,13.033687,50.016286,36.982599,-0.035963,494.57,49.965585,65.493131,15.527546,0.21,49.965585,60.76,140.936303,1025.81,141.002908,150.387195,17.216782,167.603977,-0.01,-29.015982,-0.01,,,,,,,,,,,,,,,,,,,,,,,,,,,,,,,,,,,,,,,,,,,2616,2616,2616,1
2617,31:12.6,33:37.5,t11,#2-4英吋OY,0.03,0.065674,26.469487,0.001133,-0.000262,0,0.06,0.566649,23.323712,0.002144,-0.000255,0.03,0.06,0.681984,42.137015,0.001424,-0.000607,0,0.03,1.94,-0.010239,0.65,5.475284,19.977637,14.502353,0.069644,308.22,1.54,19.977637,50.049056,30.071419,-0.043896,292.24,49.998356,65.513808,15.515452,0.22,49.998356,60.32,140.944424,1026.24,141.010838,149.751476,17.523014,167.27449,-0.03,3.145775,-0.03,,,,,,,,,,,,,,,,,,,,,,,,,,,,,,,,,,,,,,,,,,,2617,2617,2617,1
2618,34:00.0,36:25.2,t11,#2-4英吋OY,0.12,1.263904,24.856763,0.004425,-0.000952,0.01,0.03,0.823387,67.32068,0.000297,-0.000274,0.01,0.03,0.033203,22.878412,0.001311,-0.000255,0,0.57,2.01,-0.009641,0.79,4.921681,12.478654,7.556973,0.133651,102.42,1.54,12.478654,50.017794,37.53914,-0.035696,495.47,65.493808,66.05187,0.558062,0.22,65.544527,2.49,140.443061,1014.62,140.506971,150.044703,17.600848,167.645551,0.09,-42.463917,0,,,,,,,,,,,,,,,,,,,,,,,,,,,,,,,,,,,,,,,,,,,2618,2618,2618,1
2619,36:47.0,39:12.4,t11,#2-4英吋OY,0.03,0,0.000367,0,-0.000213,0,0.03,0.271381,23.334314,0.000857,-0.00017,0.01,0.2,3.491073,25.566457,0.007823,-0.001387,0.04,0.53,1.97,-0.009405,0.78,5.477471,13.034454,7.556983,0.133651,105.89,1.54,13.034454,50.011417,36.976963,-0.035968,494.77,49.960722,65.472956,15.512234,0.21,49.960722,60.44,140.937557,1026.49,141.008654,150.272611,16.990894,167.263505,0,-23.333947,-0.01,,,,,,,,,,,,,,,,,,,,,,,,,,,,,,,,,,,,,,,,,,,2619,2619,2619,1
2620,39:34.4,41:59.3,t11,#2-4英吋OY,0.09,0.184471,22.733048,0.003959,-0.000677,0.01,0.04,0.711985,51.747724,0.00058,-0.000112,0.03,0.1,0,0.000373,0,-0.000497,0.03,0.56,1.98,-0.009404,0.79,5.428058,12.989018,7.56096,0.133581,105,1.54,12.989018,50.022196,37.033178,-0.035914,500.94,49.971438,65.49223,15.520792,0.22,49.971438,61.35,140.954028,1032.01,141.024715,149.802758,17.089858,166.892616,0.05,-29.014676,-0.02,,,,,,,,,,,,,,,,,,,,,,,,,,,,,,,,,,,,,,,,,,,2620,2620,2620,1
2621,42:21.8,44:46.7,t11,#2-4英吋OY,0.06,0.058601,19.535011,0.00256,-0.000494,0,0.07,0.099456,4.009151,0.014967,-0.000219,0.04,0.09,0.264637,25.015578,0.003598,-0.000776,0,0.09,1.94,-0.010115,0.66,4.922525,19.991714,15.069189,0.067024,310.32,1.54,19.991714,50.025494,30.03378,-0.044283,296.67,49.974746,60.681769,10.707023,0.21,49.974746,42.72,140.952037,1025.81,141.029272,149.801964,17.56597,167.367934,-0.01,15.52586,-0.04,,,,,,,,,,,,,,,,,,,,,,,,,,,,,,,,,,,,,,,,,,,2621,2621,2621,1
2622,45:09.1,47:34.1,t11,#2-4英吋OY,0.24,3.849558,23.789681,0.010089,-0.001366,0.08,0.06,0,0.00039,0,-0.000355,0.01,0.03,0.042121,22.876192,0.000874,-0.000254,0,0.34,1.95,-0.009482,0.75,5.429203,19.983467,14.554264,0.069395,304.82,1.54,19.983467,50.002118,30.018651,-0.044306,297.43,49.951419,65.478566,15.527147,0.21,49.951419,59.43,140.958827,1030.85,141.029933,149.850086,17.540924,167.39101,0.18,23.789291,0.07,,,,,,,,,,,,,,,,,,,,,,,,,,,,,,,,,,,,,,,,,,,2622,2622,2622,1
2687,46:41.2,,t11,#2-4英吋OY,,,,,,,,,,,,,,,,,,,,,,,,,,,,,,,,,,,,,,,,,,,,,,,,,,,,,,,,,,,,,,,,,,,,,,,,,,,,,,,,,,,,,,,,,,,2687,2687,2687,1
2688,09:00.1,11:25.1,t11,#2-4英吋OY,1.11,10.176358,22.542619,0.048797,-0.009384,0,1.25,14.578614,24.268809,0.051507,-0.010381,0.04,1.1,11.26768,24.268809,0.044914,-0.009438,0,0.19,2,-0.012084,0.34,,,,,,,,,,,,,,,,,,,,,,,,-0.14,-1.72619,-0.04,,,,,,,,,,,,,,,,,,,,,,,,,,,,,,,,,,,,,,,,,,,2688,2688,2688,1
2689,11:47.7,14:12.6,t11,#2-4英吋OY,1.11,11.615582,23.600854,0.047033,-0.009468,0,1.21,9.220781,20.046138,0.059863,-0.009521,0.06,1.15,11.728415,23.702451,0.048519,-0.009818,0,0.65,1.99,-0.009826,0.64,37.314246,37.36503,0.050784,0.590737,1.99,1.01,37.36503,64.584681,27.219651,-0.033799,408.73,66.208141,66.258918,0.050777,0.23,66.258918,0.43,140.835038,1622.53,140.900552,149.921477,17.559086,167.480563,-0.1,3.554716,-0.06,,,,,,,,,,,,,,,,,,,,,,,,,,,,,,,,,,,,,,,,,,,2689,2689,2689,1
2690,14:35.1,17:00.1,t11,#2-4英吋OY,1.2,9.327428,19.894625,0.060319,-0.009257,0.08,1.21,13.168858,24.109732,0.050188,-0.010276,0.01,1.14,12.302892,24.160537,0.047185,-0.009766,0,0.18,2.91,-0.010719,2.06,,,,,,,,,,,,,,,,,,,,140.952656,149.860044,17.609747,167.469791,-0.01,-4.215107,0.07,,,,,,,,,,,,,,,,,,,,,,,,,,,,,,,,,,,,,,,,,,,2690,2690,2690,1
2691,17:22.5,19:47.5,t11,#2-4英吋OY,1.09,14.676474,27.905503,0.036194,-0.009643,0,1.2,9.903035,21.003965,0.055229,-0.009839,0.02,1.23,9.379354,20.191808,0.060917,-0.009938,0.03,-3.02,1.99,-0.014126,0.05,,,,,,,,,,,,,,,,,,,,141.011194,149.925608,17.499054,167.424662,-0.11,6.901538,-0.02,,,,,,,,,,,,,,,,,,,,,,,,,,,,,,,,,,,,,,,,,,,2691,2691,2691,1
2692,20:10.2,,t11,#2-4英吋OY,,,,,,,,,,,,,,,,,,,,,,,,,,,,,,,,,,,,,,,,,,,,,,,,,,,,,,,,,,,,,,,,,,,,,,,,,,,,,,,,,,,,,,,,,,,2692,2692,2692,1
2693,25:45.9,28:10.4,t11,#2-4英吋OY,1.13,14.255133,25.448077,0.044405,-0.009829,0,1.23,11.754377,22.203159,0.054948,-0.010067,0.04,1.11,6.290078,18.295716,0.060671,-0.00909,0,0.23,2,-0.013254,0.18,,,,,,,,,,,,,,,,,,,,,,,,-0.1,3.244918,-0.04,,,,,,,,,,,,,,,,,,,,,,,,,,,,,,,,,,,,,,,,,,,2693,2693,2693,1
2694,28:33.1,30:58.1,t11,#2-4英吋OY,1.1,21.187337,33.626963,0.032712,-0.009979,0.03,1.14,11.788294,23.534931,0.044615,-0.009718,0,1.22,15.078854,25.309094,0.04781,-0.010473,0.01,0.57,2.01,-0.010044,0.63,,,,,,,,,,,,,,,,,,,,140.919721,149.864512,17.766937,167.631449,-0.04,10.092032,0.03,,,,,,,,,,,,,,,,,,,,,,,,,,,,,,,,,,,,,,,,,,,2694,2694,2694,1
2695,31:20.5,33:45.5,t11,#2-4英吋OY,1.13,8.715942,20.77593,0.054391,-0.009326,0.01,1.16,13.232772,24.77895,0.046411,-0.009993,0,1.13,9.076187,21.079933,0.053606,-0.009434,0,0.52,2,-0.009536,0.69,,,,,,,,,,,,,,,,,,,,140.93107,149.875158,17.530823,167.405981,-0.03,-4.00302,0.01,,,,,,,,,,,,,,,,,,,,,,,,,,,,,,,,,,,,,,,,,,,2695,2695,2695,1
2696,34:08.2,36:33.2,t11,#2-4英吋OY,1.18,26.621089,34.941865,0.032912,-0.010201,0.1,1.17,13.717327,24.949361,0.046094,-0.010011,0.01,1.2,9.312347,20.995157,0.055728,-0.009597,0.05,0.58,2,-0.009467,0.7,,,,,,,,,,,,,,,,,,,,140.891493,149.898296,17.819775,167.718071,0.01,9.992504,0.09,,,,,,,,,,,,,,,,,,,,,,,,,,,,,,,,,,,,,,,,,,,2696,2696,2696,1
2697,36:55.8,39:20.8,t11,#2-4英吋OY,1.17,9.794752,21.160642,0.05482,-0.009357,0.05,1.13,14.274634,26.590011,0.042122,-0.009627,0.03,1.12,10.985465,23.190199,0.048297,-0.009519,0,0.23,2,-0.010638,0.54,,,,,,,,,,,,,,,,,,,,140.918433,149.955669,17.656829,167.612498,0.04,-5.429369,0.02,,,,,,,,,,,,,,,,,,,,,,,,,,,,,,,,,,,,,,,,,,,2697,2697,2697,1
2698,39:43.4,42:08.5,t11,#2-4英吋OY,1.12,6.81375,18.661424,0.060018,-0.009004,0.02,1.16,12.446936,24.133792,0.047237,-0.00994,0,1.26,10.372458,20.891169,0.060314,-0.010505,0,0.2,2,-0.011577,0.41,56.674041,56.724721,0.05068,0.197316,2.01,1.01,56.724721,64.680391,7.95567,-0.113127,150.1,66.099555,66.200895,0.10134,0.23,66.150197,0.66,140.833528,1864.22,140.901962,149.966239,17.708185,167.674424,-0.04,-5.472368,0.02,,,,,,,,,,,,,,,,,,,,,,,,,,,,,,,,,,,,,,,,,,,2698,2698,2698,1
2699,42:31.1,44:56.1,t11,#2-4英吋OY,1.14,10.454708,22.665398,0.050298,-0.009561,0.01,1.15,10.505442,22.411903,0.051313,-0.009456,0.03,1.11,16.648494,28.545403,0.034682,-0.009884,0,0.49,2,-0.009464,0.7,,,,,,,,,,,,,,,,,,,,140.919108,149.916896,17.741546,167.658442,-0.01,0.253495,-0.02,,,,,,,,,,,,,,,,,,,,,,,,,,,,,,,,,,,,,,,,,,,2699,2699,2699,1
2700,45:18.7,47:43.5,t11,#2-4英吋OY,1.17,10.384708,21.132774,0.055365,-0.009205,0.07,1.21,15.494786,25.64372,0.047186,-0.010436,0.01,1.15,9.898664,22.146277,0.051928,-0.009706,0,0.57,2,-0.009622,0.68,,,,,,,,,,,,,,,,,,,,140.701339,149.256955,18.14317,167.400125,-0.04,-4.510946,0.06,,,,,,,,,,,,,,,,,,,,,,,,,,,,,,,,,,,,,,,,,,,2700,2700,2700,1
2701,48:05.9,50:30.8,t11,#2-4英吋OY,1.29,15.043448,23.614177,0.052512,-0.009983,0.12,1.06,12.392016,24.88105,0.042201,-0.008799,0.04,1.11,15.64731,27.617467,0.040192,-0.009806,0,0.63,2,-0.009901,0.64,,,,,,,,,,,,,,,,,,,,140.876073,149.592447,17.698664,167.291111,0.23,-1.266873,0.08,,,,,,,,,,,,,,,,,,,,,,,,,,,,,,,,,,,,,,,,,,,2701,2701,2701,1
2702,50:53.4,53:18.4,t11,#2-4英吋OY,1.07,7.257214,19.848967,0.044336,-0.008852,0,1.15,8.042051,20.202701,0.056429,-0.009459,0.01,1.13,12.562461,24.603598,0.045929,-0.009732,0,0.62,2,-0.009765,0.66,,,,,,,,,,,,,,,,,,,,140.79256,149.880911,17.675309,167.55622,-0.08,-0.353734,-0.01,,,,,,,,,,,,,,,,,,,,,,,,,,,,,,,,,,,,,,,,,,,2702,2702,2702,1
2703,53:41.5,56:06.0,t11,#2-4英吋OY,1.12,13.142657,24.932424,0.044922,-0.009712,0,1.17,7.344316,18.243672,0.063585,-0.009016,0.07,1.13,11.820303,23.564169,0.047955,-0.009684,0,0.28,2,-0.010345,0.58,,,,,,,,,,,,,,,,,,,,140.321508,149.90753,17.680679,167.588209,-0.05,6.688752,-0.07,,,,,,,,,,,,,,,,,,,,,,,,,,,,,,,,,,,,,,,,,,,2703,2703,2703,1
2704,56:28.7,58:53.6,t11,#2-4英吋OY,1.07,7.407304,19.815283,0.054,-0.008855,0,1.2,8.185623,19.561787,0.060834,-0.009663,0.03,1.08,10.534211,23.869394,0.045247,-0.009248,0,0.59,2,-0.009541,0.69,,,,,,,,,,,,,,,,,,,,140.718081,149.734067,17.913508,167.647575,-0.13,0.253496,-0.03,,,,,,,,,,,,,,,,,,,,,,,,,,,,,,,,,,,,,,,,,,,2704,2704,2704,1
2705,59:16.0,01:41.0,t11,#2-4英吋OY,1.13,11.438577,23.528487,0.048028,-0.009635,0,1.2,9.341637,20.438512,0.056757,-0.009387,0.07,1.12,15.282011,27.130743,0.041282,-0.009852,0,0.55,2,-0.009613,0.68,,,,,,,,,,,,,,,,,,,,140.876648,149.86162,17.517407,167.379027,-0.07,3.089975,-0.07,,,,,,,,,,,,,,,,,,,,,,,,,,,,,,,,,,,,,,,,,,,2705,2705,2705,1
2706,02:03.4,04:28.3,t11,#2-4英吋OY,1.09,17.695181,29.784185,0.036261,-0.009814,0,1.17,11.568606,23.341871,0.049697,-0.009787,0.02,1.17,11.990296,23.291133,0.049805,-0.009442,0.06,0.49,2.01,-0.009764,0.67,,,,,,,,,,,,,,,,,,,,140.911496,149.840696,17.501791,167.342487,-0.08,6.442314,-0.02,,,,,,,,,,,,,,,,,,,,,,,,,,,,,,,,,,,,,,,,,,,2706,2706,2706,1
2707,04:50.9,07:15.9,t11,#2-4英吋OY,1.05,15.583307,38.454501,0.027305,-0.010253,0,1.09,12.312759,34.598251,0.030638,-0.010258,0,1.13,7.540664,29.526366,0.038271,-0.01015,0,0.66,2.01,-0.010185,0.75,5.226941,14.462084,9.235143,0.110448,154.43,1.56,14.462084,64.6509,50.188816,-0.02909,1292.29,66.120338,66.221667,0.101329,0.23,66.171018,0.66,140.859251,1808.02,140.929685,149.903169,17.641177,167.544346,-0.04,3.85625,0,,,,,,,,,,,,,,,,,,,,,,,,,,,,,,,,,,,,,,,,,,,2707,2707,2707,1
2719,38:21.2,40:46.4,t11,#2-4英吋OY,1.07,18.046876,42.708521,0.02482,-0.0108,0.01,1.15,9.007679,31.914531,0.035721,-0.010556,0,1.3,17.697687,35.614393,0.035941,-0.012352,0,0.5,2.13,-0.012163,0.67,5.067313,17.882606,12.815293,0.115487,207.57,2.02,17.882606,64.573555,46.690949,-0.036195,1260.39,64.523041,64.876674,0.353633,1.04,64.523041,2.08,140.855934,1828.05,140.926129,150.089227,17.653934,167.743161,-0.08,10.79399,0.01,,,,,,,,,,,,,,,,,,,,,,,,,,,,,,,,,,,,,,,,,,,2719,2719,2719,1
2720,41:09.0,43:33.9,t11,#2-4英吋OY,1.14,17.808359,37.758146,0.030192,-0.010976,0.01,1.17,13.533034,33.650303,0.03477,-0.010835,0.01,1.1,7.727774,28.834587,0.033987,-0.009743,0.01,0.17,2.16,-0.012993,0.58,5.36553,16.056821,10.691291,0.144042,177.78,2.09,16.056821,64.581657,48.524836,-0.03998,1307.42,65.950513,66.001209,0.050696,0.21,66.001209,0.38,140.707062,1847.76,140.773277,149.8162,17.734228,167.550428,-0.03,4.107843,0,,,,,,,,,,,,,,,,,,,,,,,,,,,,,,,,,,,,,,,,,,,2720,2720,2720,1
2721,43:56.5,46:21.5,t11,#2-4英吋OY,1.08,10.63106,32.205227,0.033535,-0.009941,0,1.27,15.191976,32.661853,0.03674,-0.010815,0.1,1.19,8.215394,28.907251,0.041167,-0.010631,0,0.58,3.27,-0.015803,1.36,4.969499,19.217861,14.248362,0.091239,293.08,1.85,19.217861,64.566602,45.348741,-0.032195,1194.31,64.515941,64.870785,0.354844,1.03,64.515941,2.21,140.841558,1845.44,140.913354,149.93594,17.619658,167.555598,-0.19,-0.456626,-0.1,,,,,,,,,,,,,,,,,,,,,,,,,,,,,,,,,,,,,,,,,,,2721,2721,2721,1
2722,46:44.2,49:09.2,t11,#2-4英吋OY,1.19,12.423267,31.446137,0.036889,-0.010338,0.06,1.14,13.843108,34.591864,0.032667,-0.010644,0.01,1.13,5.965249,27.031914,0.041803,-0.009849,0.01,0.34,3.33,-0.022434,0.59,5.326779,16.026922,10.700143,0.143923,177.04,2.09,16.026922,64.570094,48.543172,-0.039964,1305.33,65.939949,66.041457,0.101508,0.21,65.99072,0.59,140.751589,1843.94,140.816973,149.953166,17.748635,167.701801,0.05,-3.145727,0.05,,,,,,,,,,,,,,,,,,,,,,,,,,,,,,,,,,,,,,,,,,,2722,2722,2722,1
2723,49:31.6,51:56.6,t11,#2-4英吋OY,1.04,15.011856,37.665175,0.025753,-0.010083,0,1.19,10.061589,30.21355,0.039387,-0.010307,0.05,1.24,10.55357,30.061454,0.041249,-0.011196,0,0.16,2.13,-0.011548,0.72,4.919007,16.126204,11.207197,0.127597,182.33,1.97,16.126204,64.639938,48.513734,-0.035866,1293.11,64.589239,65.045529,0.45629,1,64.589239,1.96,140.813566,1833.24,140.881323,149.956135,17.493418,167.449553,-0.15,7.451625,-0.05,,,,,,,,,,,,,,,,,,,,,,,,,,,,,,,,,,,,,,,,,,,2723,2723,2723,1
2724,52:19.1,54:44.1,t11,#2-4英吋OY,1.15,9.311568,29.822593,0.038562,-0.01009,0.03,1.15,9.829469,30.989173,0.036787,-0.010379,0.01,1.15,6.801778,27.743474,0.041452,-0.01017,0,0.57,2.13,-0.012029,0.66,4.816765,16.13014,11.313375,0.129935,183.3,2.01,16.13014,64.673561,48.543421,-0.038934,1298.67,65.992836,66.094321,0.101485,0.21,66.043573,0.59,140.825613,1838.26,140.897275,149.928551,17.574218,167.502769,0,-1.16658,0.02,,,,,,,,,,,,,,,,,,,,,,,,,,,,,,,,,,,,,,,,,,,2724,2724,2724,1
2725,55:06.7,57:31.8,t11,#2-4英吋OY,1.07,14.672464,36.517076,0.028206,-0.010256,0,1.18,12.330737,32.509078,0.036298,-0.010707,0.02,1.21,8.733797,29.058255,0.041641,-0.010466,0.04,0.53,2.13,-0.012153,0.65,4.920334,16.130901,11.210567,0.12845,181.17,1.98,16.130901,64.670516,48.539615,-0.035641,1305.17,64.619817,65.025348,0.405531,1.03,64.619817,1.96,140.848,1844.31,140.915528,149.943479,17.715361,167.65884,-0.11,4.007998,-0.02,,,,,,,,,,,,,,,,,,,,,,,,,,,,,,,,,,,,,,,,,,,2725,2725,2725,1
2726,57:54.2,00:19.1,t11,#2-4英吋OY,1.21,13.564663,31.949449,0.037873,-0.010746,0.04,1.21,16.611925,35.244274,0.033197,-0.010513,0.1,1.14,7.94962,29.36194,0.038826,-0.010227,0,0.61,2.16,-0.011662,0.74,4.819816,16.127223,11.307407,0.130003,184.63,2.01,16.127223,64.660975,48.533752,-0.038942,1306.74,66.029707,66.080432,0.050725,0.21,66.080432,0.39,140.825862,1847.42,140.893954,149.859977,17.479936,167.339913,0,-3.294825,-0.06,,,,,,,,,,,,,,,,,,,,,,,,,,,,,,,,,,,,,,,,,,,2726,2726,2726,1
2727,00:41.6,03:06.6,t11,#2-4英吋OY,1.12,23.403291,43.226444,0.02591,-0.010853,0.06,1.16,7.833438,28.984176,0.037262,-0.010365,0,1.16,11.257997,31.974465,0.036279,-0.01065,0,0.45,2.14,-0.011814,0.7,4.560774,16.114429,11.553655,0.13156,185.66,2.06,16.114429,64.694989,48.58056,-0.04014,1305.39,66.059657,66.110362,0.050705,0.22,66.110362,0.4,140.895746,1844.49,140.958861,149.917533,17.53543,167.452963,-0.04,14.242268,0.06,,,,,,,,,,,,,,,,,,,,,,,,,,,,,,,,,,,,,,,,,,,2727,2727,2727,1
2728,03:28.9,05:55.2,t11,#2-4英吋OY,1.16,14.945982,35.065289,0.033081,-0.010777,0.02,1.15,10.863316,31.82229,0.035824,-0.010456,0.01,1.23,10.033656,28.731358,0.042811,-0.010079,0.1,0.43,2.16,-0.012346,0.66,4.662354,16.113445,11.451091,0.129245,184.28,2.02,16.113445,64.657474,48.544029,-0.037904,1308.2,66.126834,66.228157,0.101323,0.24,66.177455,0.68,140.848973,1848.33,140.919141,150.150647,18.496242,168.646889,0.01,3.242999,0.01,,,,,,,,,,,,,,,,,,,,,,,,,,,,,,,,,,,,,,,,,,,2728,2728,2728,1
2729,06:16.7,08:42.0,t11,#2-4英吋OY,1.07,21.257198,42.667621,0.024843,-0.010902,0,1.21,9.014053,28.126141,0.042665,-0.010116,0.07,1.13,14.054023,34.968363,0.032315,-0.010676,0,0.31,2.13,-0.012023,0.66,5.321211,19.662825,14.341614,0.09204,301.22,1.86,19.662825,64.658904,44.996079,-0.039115,1173.04,66.027374,66.078074,0.0507,0.22,66.078074,0.4,140.817224,1835.26,140.88378,149.853779,16.879209,166.732988,-0.14,14.54148,-0.07,,,,,,,,,,,,,,,,,,,,,,,,,,,,,,,,,,,,,,,,,,,2729,2729,2729,1
2730,09:04.2,11:29.4,t11,#2-4英吋OY,1.32,25.018759,38.188988,0.032732,-0.01218,0.07,1.16,13.981359,34.500789,0.033043,-0.010911,0,1.15,10.600627,31.36842,0.036661,-0.010508,0,0.53,2.15,-0.01196,0.69,5.422503,19.646946,14.224443,0.092798,298.96,1.86,19.646946,64.576658,44.929712,-0.033163,1159.26,64.525992,65.032576,0.506584,0.97,64.525992,2.26,140.812691,1822.5,140.878209,150.150212,17.306422,167.456634,0.16,3.688199,0.07,,,,,,,,,,,,,,,,,,,,,,,,,,,,,,,,,,,,,,,,,,,2730,2730,2730,1
2731,11:51.9,14:16.9,t11,#2-4英吋OY,1.06,5.216553,26.786999,0.032852,-0.009296,0,1.18,10.404939,30.740554,0.038061,-0.01063,0.01,1.21,15.260024,34.087403,0.034911,-0.011338,0,0,2.17,-0.013925,0.47,4.618128,16.137025,11.518897,0.121539,183.99,1.93,16.137025,64.577184,48.440159,-0.03303,1255.51,64.526435,65.13547,0.609035,0.93,64.526435,2.23,140.809786,1793.89,140.878271,149.990983,17.501089,167.492072,-0.12,-3.953555,-0.01,,,,,,,,,,,,,,,,,,,,,,,,,,,,,,,,,,,,,,,,,,,2731,2731,2731,1
2732,14:39.3,17:04.4,t11,#2-4英吋OY,1.17,10.737398,30.798726,0.037989,-0.010361,0.03,1.22,15.10697,33.386518,0.036542,-0.010424,0.1,1.16,8.576362,29.530053,0.037589,-0.010423,0,0.35,2.16,-0.012418,0.65,5.074323,16.136765,11.062442,0.141018,177.07,2.09,16.136765,64.633811,48.497046,-0.040415,1231.07,66.103676,66.205073,0.101397,0.21,66.154374,0.6,140.825507,1767.45,140.893962,149.933162,17.518931,167.452093,-0.05,-2.587792,-0.07,,,,,,,,,,,,,,,,,,,,,,,,,,,,,,,,,,,,,,,,,,,2732,2732,2732,1
2733,17:27.0,19:52.0,t11,#2-4英吋OY,1.15,19.420272,38.095954,0.030187,-0.010514,0.07,1.23,9.484554,28.864193,0.041575,-0.01054,0.05,1.15,10.151562,30.995486,0.037103,-0.010472,0,0.52,2.56,-0.014622,0.65,4.820936,16.131466,11.31053,0.133504,179.24,2.03,16.131466,64.67009,48.538624,-0.039762,1212.01,66.090917,66.192412,0.101495,0.21,66.141655,0.6,140.816778,1747.47,140.88495,149.871505,17.771638,167.643143,-0.08,9.231761,0.02,,,,,,,,,,,,,,,,,,,,,,,,,,,,,,,,,,,,,,,,,,,2733,2733,2733,1
2734,20:14.5,22:39.6,t11,#2-4英吋OY,1.3,12.697811,29.312277,0.044351,-0.010853,0.09,1.11,10.10825,31.542039,0.032972,-0.010068,0.01,1.19,7.787857,27.639914,0.043054,-0.009986,0.06,0.55,2.22,-0.012276,0.73,4.616874,16.134594,11.51772,0.131971,179.79,2.04,16.134594,64.664018,48.529424,-0.039564,1203.48,66.179909,66.280948,0.101039,0.23,66.230426,0.66,140.800495,1737.62,140.872507,149.936989,17.621237,167.558226,0.19,-2.229762,0.08,,,,,,,,,,,,,,,,,,,,,,,,,,,,,,,,,,,,,,,,,,,2734,2734,2734,1
2735,23:02.5,25:27.5,t11,#2-4英吋OY,1.09,5.868765,26.160205,0.035933,-0.009527,0,1.21,8.512514,27.578821,0.043875,-0.010354,0.04,1.16,9.191782,29.504178,0.0383,-0.010444,0,0.61,2.29,-0.012522,0.75,4.900906,15.874375,10.973469,0.14125,174.47,2.07,15.874375,64.311536,48.437161,-0.035303,1204.8,64.260398,64.818296,0.557898,0.82,64.260398,2.08,140.576875,1737.4,140.642746,149.711297,18.188115,167.899412,-0.12,-1.418616,-0.04,,,,,,,,,,,,,,,,,,,,,,,,,,,,,,,,,,,,,,,,,,,2735,2735,2735,1
2736,25:50.1,28:14.8,t11,#2-4英吋OY,1.21,11.764459,30.269329,0.039975,-0.010336,0.07,1.17,8.984996,29.255852,0.038625,-0.010512,0,1.18,10.828703,30.319993,0.038919,-0.010704,0,0.64,2.26,-0.012911,0.68,4.74923,15.863862,11.114632,0.134957,177.88,2.02,15.863862,64.376829,48.512967,-0.039577,1206.81,65.846692,65.948088,0.101396,0.22,65.897393,0.63,140.559553,1739.29,140.625822,149.894079,17.483811,167.37789,0.04,1.013477,0.07,,,,,,,,,,,,,,,,,,,,,,,,,,,,,,,,,,,,,,,,,,,2736,2736,2736,1
2737,28:37.5,31:02.5,t11,#2-4英吋OY,1.08,18.374228,38.636978,0.026659,-0.010569,0,1.25,11.847806,30.222898,0.040698,-0.01103,0.03,1.15,10.42937,30.679666,0.037485,-0.010441,0,0.57,2.3,-0.013271,0.67,5.327023,16.126404,10.799381,0.142601,172.79,2.06,16.126404,64.681932,48.555528,-0.040572,1198.21,66.102772,66.20435,0.101578,0.22,66.153519,0.62,140.825287,1732.07,140.897129,149.841762,17.837324,167.679086,-0.17,8.41408,-0.03,,,,,,,,,,,,,,,,,,,,,,,,,,,,,,,,,,,,,,,,,,,2737,2737,2737,1
2738,31:25.3,33:50.1,t11,#2-4英吋OY,1.24,12.267042,29.849307,0.041542,-0.011017,0.02,1.12,12.096746,32.487344,0.032628,-0.01036,0,1.2,9.037099,28.225539,0.042515,-0.010413,0.03,0.5,2.39,-0.013796,0.7,5.270517,15.860888,10.590371,0.138805,170.2,1.99,15.860888,64.326496,48.465608,-0.033219,1199.59,64.275965,64.781244,0.505279,0.82,64.275965,1.78,140.589938,1731.77,140.662341,149.58236,17.945587,167.527947,0.12,-2.638037,0.02,,,,,,,,,,,,,,,,,,,,,,,,,,,,,,,,,,,,,,,,,,,2738,2738,2738,1
2739,34:12.7,36:37.8,t11,#2-4英吋OY,1.01,4.731302,30.895764,0.029454,-0.009186,0,1.13,9.04405,34.24322,0.033,-0.010506,0.01,1.13,9.738862,35.308451,0.032004,-0.010612,0.01,0.45,1.98,-0.010039,0.73,4.563976,14.81245,10.248474,0.101479,139.42,1.55,14.81245,64.667429,49.854979,-0.028483,1208.94,66.189603,66.291091,0.101488,0.23,66.240341,0.65,140.846257,1701.11,140.91736,149.954527,17.772615,167.727142,-0.12,-3.347456,-0.01,,,,,,,,,,,,,,,,,,,,,,,,,,,,,,,,,,,,,,,,,,,2739,2739,2739,1
